{"data":[{"id":1716110264173,"start_date":"2024-02-12 00:00:00","text":"Tilaajan yhteydenotto","duration":0,"end_date":"2024-02-12 00:00:00","progress":0,"unChangeable":true,"parent":0,"type":"milestone","tooltip":""},{"id":1716110271484,"start_date":"2024-01-14 00:00:00","text":"Hankkeen valmistelu","duration":10,"end_date":"2024-01-24 00:00:00","progress":0,"unChangeable":true,"parent":0,"type":"task","tooltip":""},{"id":1716110278541,"start_date":"2024-01-30 00:00:00","text":"Vuokrasopimuksen apudokumentit","duration":8,"end_date":"2024-02-07 00:00:00","progress":0,"unChangeable":true,"parent":0,"type":"task","tooltip":""},{"id":1716110286130,"start_date":"2024-02-12 00:00:00","text":"Vuokrasopimuksen allekirjoitus ja vuokralaismuutoksen aloituspts","duration":0,"end_date":"2024-02-12 00:00:00","progress":0,"unChangeable":true,"parent":0,"type":"milestone"},{"id":1716110294072,"start_date":"2024-02-23 00:00:00","text":"Vuokralaisen lhttiedot projektille","duration":10,"end_date":"2024-03-04 00:00:00","progress":0,"unChangeable":true,"parent":0,"type":"task","tooltip":""},{"id":1716110301375,"start_date":"2024-03-07 00:00:00","text":"Suunnitteluvaihe","duration":5,"end_date":"2024-03-12 00:00:00","progress":0,"unChangeable":true,"parent":0,"type":"task","tooltip":""},{"id":1716110308602,"start_date":"2024-03-13 00:00:00","text":"Suunnitelmien hyvksyttminen vuokralaisella","duration":0,"end_date":"2024-03-13 00:00:00","progress":0,"unChangeable":true,"parent":0,"type":"milestone"},{"id":1716110316251,"start_date":"2024-03-14 00:00:00","text":"Tarjouspyyntmateriaalin valmistelu","duration":12,"end_date":"2024-03-26 00:00:00","progress":0,"unChangeable":true,"parent":0,"type":"task","tooltip":""},{"id":1716110323663,"start_date":"2024-03-25 00:00:00","text":"Tarjouspyynnn lhetys","duration":0,"end_date":"2024-03-25 00:00:00","progress":0,"unChangeable":true,"parent":0,"type":"milestone","tooltip":""},{"id":1716110331437,"start_date":"2024-03-25 00:00:00","text":"Urakkalaskenta-aika","duration":20,"end_date":"2024-04-14 00:00:00","progress":0,"unChangeable":true,"parent":0,"type":"task","isChecked":false,"tooltip":""},{"id":1716110338680,"start_date":"2024-04-13 00:00:00","text":"Kohdekynnit","duration":0,"end_date":"2024-04-13 00:00:00","progress":0,"unChangeable":true,"parent":0,"type":"milestone","isChecked":false},{"id":1716110346873,"start_date":"2024-04-19 00:00:00","text":"Urakkaneuvottelu, tarjouksen pivitys ja urakkavertailu","duration":5,"end_date":"2024-04-24 00:00:00","progress":0,"unChangeable":true,"parent":0,"type":"task","isChecked":false,"tooltip":"tooltip"},{"id":1716110354134,"start_date":"2024-05-02 00:00:00","text":"Vuokralaisen kustannusvastuulla olevien kulujen hyvksyttminen","duration":24,"end_date":"2024-05-26 00:00:00","progress":0,"unChangeable":true,"parent":0,"type":"task","tooltip":""},{"id":1716110363445,"start_date":"2024-03-26 00:00:00","text":"Rakentamisen aloituksen pts","duration":5,"end_date":"2024-03-31 00:00:00","progress":0,"unChangeable":true,"parent":0,"type":"task","tooltip":""},{"id":1716110372114,"start_date":"2024-05-19 00:00:00","text":"Urakan kynnistmisen tehtvt","duration":6,"end_date":"2024-05-25 00:00:00","progress":0,"unChangeable":true,"parent":0,"type":"task","tooltip":""},{"id":1716110379091,"start_date":"2024-05-27 00:00:00","text":"Urakka-aika","duration":11,"end_date":"2024-06-07 00:00:00","progress":0,"unChangeable":true,"parent":0,"type":"task","tooltip":""},{"id":1716110387156,"start_date":"2024-06-06 00:00:00","text":"Tymaan aloituskokous","duration":0,"end_date":"2024-06-06 00:00:00","progress":0,"unChangeable":true,"parent":0,"type":"milestone","tooltip":""},{"id":1716110396744,"start_date":"2024-06-12 00:00:00","text":"TMK2","duration":9,"end_date":"2024-06-21 00:00:00","progress":0,"unChangeable":true,"parent":0,"type":"task","isChecked":false,"tooltip":""},{"id":1716110408566,"start_date":"2024-05-19 00:00:00","text":"TMK3","duration":10,"end_date":"2024-05-29 00:00:00","progress":0,"unChangeable":true,"parent":0,"type":"task","tooltip":""},{"id":1716110410782,"start_date":"2024-06-20 00:00:00","text":"VOT","duration":10,"end_date":"2024-06-30 00:00:00","progress":0,"unChangeable":true,"parent":0,"type":"task","isChecked":false,"tooltip":""},{"id":1716110418273,"start_date":"2024-07-10 00:00:00","text":"Virheiden ja puutteiden korjausaika","duration":4,"end_date":"2024-07-14 00:00:00","progress":0,"unChangeable":true,"parent":0,"type":"task","tooltip":""},{"id":1716110424642,"start_date":"2024-07-19 00:00:00","text":"Hallinnanluovutus","duration":10,"end_date":"2024-07-29 00:00:00","progress":0,"unChangeable":true,"parent":0,"type":"task","isChecked":false,"tooltip":""},{"id":1716110433652,"start_date":"2024-05-02 00:00:00","text":"TALS","duration":60,"end_date":"2024-07-01 00:00:00","progress":0,"unChangeable":true,"parent":0,"type":"task","isChecked":false,"tooltip":""}],"collections":{"links":[]}}