{
	"data": [
		{
			"id": 1,
			"start_date": "2024-01-08 00:00:00",
			"duration": 3,
			"text": "Tilaajan yhteydenotto #0",
			"progress": 0.8,
			"sortorder": 20,
			"parent": 0,
			"color": "#283a44",
			"open": true
		},
		{
			"id": 2,
			"start_date": "2024-04-06 00:00:00",
			"duration": 4,
			"text": "Tilaajan yhteydenotto #1",
			"progress": 0.5,
			"sortorder": 10,
			"parent": 0,
			"open": true
		},
		{
			"id": 3,
			"start_date": "2024-04-05 00:00:00",
			"duration": 6,
			"text": "Tilaajan yhteydenotto #2",
			"progress": 0.7,
			"sortorder": 20,
			"parent": 0,
			"open": true
		},
		{
			"id": 4,
			"start_date": "2024-04-07 00:00:00",
			"duration": 2,
			"text": "Tilaajan yhteydenotto #3",
			"progress": 0,
			"sortorder": 30,
			"parent": 0,
			"open": true
		},
		{
			"id": 5,
			"start_date": "2024-04-05 00:00:00",
			"duration": 5,
			"text": "Tilaajan yhteydenotto #1.1",
			"progress": 0.34,
			"sortorder": 10,
			"parent": 0,
			"open": true
		},
		{
			"id": 6,
			"start_date": "2024-04-11 13:22:17",
			"duration": 4,
			"text": "Tilaajan yhteydenotto #1.2",
			"progress": 0.491477,
			"sortorder": 20,
			"parent": 0,
			"open": true
		},
		{
			"id": 7,
			"start_date": "2024-04-07 00:00:00",
			"duration": 5,
			"text": "Tilaajan yhteydenotto #2.1",
			"progress": 0.2,
			"sortorder": 10,
			"parent": 0,
			"open": true
		},
		{
			"id": 8,
			"start_date": "2024-04-06 00:00:00",
			"duration": 4,
			"text": "Tilaajan yhteydenotto #2.2",
			"progress": 0.9,
			"sortorder": 20,
			"parent": 0,
			"open": true
		},
		{
			"id": 9,
			"start_date": "2024-04-06 00:00:00",
			"duration": 5,
			"text": "Tilaajan yhteydenotto #3.1",
			"progress": 1,
			"sortorder": 10,
			"parent": 0,
			"open": true
		},
		{
			"id": 10,
			"start_date": "2024-04-06 00:00:00",
			"duration": 3,
			"text": "Tilaajan yhteydenotto #3.2",
			"progress": 0,
			"sortorder": 20,
			"parent": 0,
			"open": true
		},
		{
			"id": 11,
			"start_date": "2024-04-06 00:00:00",
			"duration": 4,
			"text": "Tilaajan yhteydenotto #3.3",
			"progress": 0.33,
			"sortorder": 30,
			"parent": 0,
			"open": true
		},
		{
			"id": 12,
			"start_date": "2024-04-02 08:34:17",
			"duration": 18,
			"text": "Project #2",
			"progress": 0,
			"sortorder": 10,
			"parent": 0,
			"open": true
		},
		{
			"id": 13,
			"start_date": "2024-04-02 08:13:42",
			"duration": 10,
			"text": "Tilaajan yhteydenotto #1",
			"progress": 0.2,
			"sortorder": 15,
			"parent": 0,
			"open": true
		},
		{
			"id": 14,
			"start_date": "2024-04-04 00:00:00",
			"duration": 4,
			"text": "Tilaajan yhteydenotto #2",
			"progress": 0.9,
			"sortorder": 20,
			"parent": 0,
			"open": true
		},
		{
			"id": 15,
			"start_date": "2024-04-05 00:00:00",
			"duration": 3,
			"text": "Tilaajan yhteydenotto #3",
			"progress": 0.6,
			"sortorder": 30,
			"parent": 0,
			"open": true
		},
		{
			"id": 16,
			"start_date": "2024-04-01 00:00:00",
			"duration": 3,
			"text": "Tilaajan yhteydenotto #4",
			"progress": 0.214286,
			"sortorder": 40,
			"parent": 0,
			"open": true
		},
		{
			"id": 17,
			"start_date": "2024-04-06 00:00:00",
			"duration": 6,
			"text": "Tilaajan yhteydenotto #5",
			"progress": 0.5,
			"sortorder": 50,
			"parent": 0,
			"open": true
		},
		{
			"id": 18,
			"start_date": "2024-04-05 00:00:00",
			"duration": 5,
			"text": "Tilaajan yhteydenotto #2.1",
			"progress": 0.3,
			"sortorder": 39.999999994179,
			"parent": 0,
			"open": true
		},
		{
			"id": 19,
			"start_date": "2024-04-05 00:00:00",
			"duration": 6,
			"text": "Tilaajan yhteydenotto #2.2",
			"progress": 0.6,
			"sortorder": 29.999999995343,
			"parent": 0,
			"open": true
		},
		{
			"id": 20,
			"start_date": "2024-04-05 00:00:00",
			"duration": 4,
			"text": "Tilaajan yhteydenotto #2.3",
			"progress": 0.512605,
			"sortorder": 39.999999995343,
			"parent": 0,
			"open": true
		},
		{
			"id": 21,
			"start_date": "2024-04-05 00:00:00",
			"duration": 6,
			"text": "Tilaajan yhteydenotto #2.4",
			"progress": 0.7,
			"sortorder": 39.999999993015,
			"parent": 0,
			"open": true
		},
		{
			"id": 22,
			"start_date": "2024-04-05 00:00:00",
			"duration": 7,
			"text": "Tilaajan yhteydenotto #4.1",
			"progress": 1,
			"sortorder": 10,
			"parent": 0,
			"open": true
		},
		{
			"id": 23,
			"start_date": "2024-04-05 00:00:00",
			"duration": 5,
			"text": "Tilaajan yhteydenotto #4.2",
			"progress": 1,
			"sortorder": 20,
			"parent": 0,
			"open": true
		},
		{
			"id": 24,
			"start_date": "2024-04-05 00:00:00",
			"duration": 5,
			"text": "Tilaajan yhteydenotto #4.3",
			"progress": 0,
			"sortorder": 30,
			"parent": 0,
			"open": true
		}
	],
	"collections": {
		"links": []
	}
}