{
  "data": [
    {
      "id": 1716111078479,
      "start_date": "2024-05-19 09:31:18",
      "text": "Vuokralaisen tarpeiden alustava lpikynti ja tilasuunnitelma",
      "duration": 0,
      "end_date": "2024-05-19 09:31:18",
      "progress": 0,
      "unChangeable": true,
      "parent": 0,
      "type": "task",
      "vastuu": "Vuokranantaja"
    },
    {
      "id": 1716111083689,
      "start_date": "2024-05-19 09:31:23",
      "text": "Mritysten ja tilasuunnitelman kommentointi",
      "duration": 0,
      "end_date": "2024-05-19 09:31:23",
      "progress": 0,
      "unChangeable": true,
      "parent": 0,
      "type": "task",
      "vastuu": "Vuokralainen"
    },
    {
      "id": 1716111111510,
      "start_date": "2024-05-19 09:31:51",
      "text": "Vuokrasopimuksen laadintavaihe sislten liitteet",
      "duration": 0,
      "end_date": "2024-05-19 09:31:51",
      "progress": 0,
      "unChangeable": true,
      "parent": 0,
      "type": "task",
      "vastuu": "Vuokranantaja"
    },
    {
      "id": 1716111126983,
      "start_date": "2024-05-19 09:32:06",
      "text": "Vuokrasopimuksen allekirjoitus ja vuokralaismuutoksen aloituspts",
      "duration": 0,
      "end_date": "2024-05-19 09:32:06",
      "progress": 0,
      "unChangeable": true,
      "parent": 0,
      "type": "task",
      "vastuu": "Vuokranantaja/Vuokralainen"
    },
    {
      "id": 1716111149008,
      "start_date": "2024-05-19 09:32:29",
      "text": "Vuokralaisen lopullinen hyvksynt pohjapiirustukselle (vuokrasopimuksen liite)",
      "duration": 0,
      "end_date": "2024-05-19 09:32:29",
      "progress": 0,
      "unChangeable": true,
      "parent": 0,
      "type": "task",
      "vastuu": "Vuokralainen"
    },
    {
      "id": 1716111159453,
      "start_date": "2024-05-19 09:32:39",
      "text": "Vuokralaisen lopulliset tydentvt suunnitelmat tilamuutokselle",
      "duration": 0,
      "end_date": "2024-05-19 09:32:39",
      "progress": 0,
      "unChangeable": true,
      "parent": 0,
      "type": "task",
      "vastuu": "Vuokralainen"
    },
    {
      "id": 1716111188237,
      "start_date": "2024-05-19 09:33:08",
      "text": "Vuokralaisen lopulliset tekniset lhttiedot tilamuutokselle",
      "duration": 0,
      "end_date": "2024-05-19 09:33:08",
      "progress": 0,
      "unChangeable": true,
      "parent": 0,
      "type": "task",
      "vastuu": "Vuokralainen"
    },
    {
      "id": 1716111218424,
      "start_date": "2024-05-19 09:33:38",
      "text": "Vuokranantajan suunnittelu",
      "duration": 0,
      "end_date": "2024-05-19 09:33:38",
      "progress": 0,
      "unChangeable": true,
      "parent": 0,
      "type": "task",
      "vastuu": "Vuokranantaja"
    },
    {
      "id": 1716111227384,
      "start_date": "2024-05-19 09:33:47",
      "text": "Suunnitelmien hyvksyminen",
      "duration": 0,
      "end_date": "2024-05-19 09:33:47",
      "progress": 0,
      "unChangeable": true,
      "parent": 0,
      "type": "task",
      "vastuu": "Vuokralainen"
    },
    {
      "id": 1716111243793,
      "start_date": "2024-05-19 09:34:03",
      "text": "Urakkalaskenta-aika",
      "duration": 0,
      "end_date": "2024-05-19 09:34:03",
      "progress": 0,
      "unChangeable": true,
      "parent": 0,
      "type": "task",
      "vastuu": "Vuokranantaja"
    },
    {
      "id": 1716111257997,
      "start_date": "2024-05-19 09:34:17",
      "text": "Vuokralaisen kustannusvastuulla olevien kulujen hyvksyttminen",
      "duration": 0,
      "end_date": "2024-05-19 09:34:17",
      "progress": 0,
      "unChangeable": true,
      "parent": 0,
      "type": "task",
      "vastuu": "Vuokralainen"
    },
    {
      "id": 1716111594753,
      "start_date": "2024-05-19 09:39:54",
      "text": "Rakentamisen valmisteluvaihe ja urakkasopimus",
      "duration": 0,
      "end_date": "2024-05-19 09:39:54",
      "progress": 0,
      "unChangeable": true,
      "parent": 0,
      "type": "task",
      "vastuu": "Vuokranantaja"
    },
    {
      "id": 1716111618878,
      "start_date": "2024-05-19 00:00:00",
      "text": "Rakentamisen aloituksen pts",
      "duration": 0,
      "end_date": "2024-05-19 01:00:00",
      "progress": 0,
      "unChangeable": true,
      "parent": 0,
      "type": "task",
      "vastuu": "Vuokranantaja"
    },
    {
      "id": 1716111878512,
      "start_date": "2024-05-19 00:00:00",
      "text": "Rakentamisen aloituksen pts",
      "duration": 0,
      "end_date": "2024-05-19 01:00:00",
      "progress": 0,
      "unChangeable": true,
      "parent": 0,
      "type": "task",
      "vastuu": "Vuokranantaja"
    },
    {
      "id": 1716111979799,
      "start_date": "2024-05-19 09:46:19",
      "text": "Urakka-aika",
      "duration": 0,
      "end_date": "2024-05-19 09:46:19",
      "progress": 0,
      "unChangeable": true,
      "parent": 0,
      "type": "task",
      "vastuu": "Vuokranantaja"
    },
    {
      "id": 1716112016897,
      "start_date": "2024-05-19 09:46:56",
      "text": "Hallinnanluovutus",
      "duration": 1,
      "end_date": "2024-05-20 00:00:00",
      "progress": 0,
      "unChangeable": true,
      "parent": 0,
      "type": "task",
      "vastuu": "Vuokranantaja/Vuokralainen"
    }
  ],
  "collections": { "links": [] }
}
