{"data":[{"id":1716111078479,"start_date":"2024-01-02 00:00:00","text":"Vuokralaisen tarpeiden alustava lpikynti ja tilasuunnitelma","duration":5,"end_date":"2024-01-07 00:00:00","progress":0,"unChangeable":true,"parent":0,"type":"task","vastuu":"Vuokranantaja","isChecked":true,"tooltip":"ajhfkdsa"},{"id":1716111083689,"start_date":"2024-01-08 00:00:00","text":"Mritysten ja tilasuunnitelman kommentointi","duration":5,"end_date":"2024-01-13 00:00:00","progress":0,"unChangeable":true,"parent":0,"type":"task","vastuu":"Vuokralainen","tooltip":""},{"id":1716111111510,"start_date":"2024-01-12 00:00:00","text":"Vuokrasopimuksen laadintavaihe sislten liitteet","duration":15,"end_date":"2024-01-27 00:00:00","progress":0,"unChangeable":true,"parent":0,"type":"task","vastuu":"Vuokranantaja","tooltip":""},{"id":1716111126983,"start_date":"2024-01-29 00:00:00","text":"Vuokrasopimuksen allekirjoitus ja vuokralaismuutoksen aloituspts","duration":0,"end_date":"2024-01-29 00:00:00","progress":0,"unChangeable":true,"parent":0,"type":"milestone","vastuu":"Vuokranantaja\/Vuokralainen","tooltip":""},{"id":1716111149008,"start_date":"2024-01-29 00:00:00","text":"Vuokralaisen lopullinen hyvksynt pohjapiirustukselle (vuokrasopimuksen liite)","duration":0,"end_date":"2024-01-29 00:00:00","progress":0,"unChangeable":true,"parent":0,"type":"milestone","vastuu":"Vuokralainen","isChecked":true},{"id":1716111159453,"start_date":"2024-02-12 00:00:00","text":"Vuokralaisen lopulliset tydentvt suunnitelmat tilamuutokselle","duration":0,"end_date":"2024-02-12 00:00:00","progress":0,"unChangeable":true,"parent":0,"type":"milestone","vastuu":"Vuokralainen"},{"id":1716111188237,"start_date":"2024-02-19 00:00:00","text":"Vuokralaisen lopulliset tekniset lhttiedot tilamuutokselle","duration":0,"end_date":"2024-02-19 00:00:00","progress":0,"unChangeable":true,"parent":0,"type":"milestone","vastuu":"Vuokralainen"},{"id":1716111218424,"start_date":"2024-01-29 00:00:00","text":"Vuokranantajan suunnittelu","duration":30,"end_date":"2024-02-28 00:00:00","progress":0,"unChangeable":true,"parent":0,"type":"task","vastuu":"Vuokranantaja","tooltip":"Lorem ipsum dolor sit amet consectetur, adipisicing elit. Odit, perspiciatis harum. Ut quos, nisi quis distinctio saepe magni animi ipsam consequatur? Quas consequuntur quasi magnam quibusdam eligendi officiis. Laudantium nihil obcaecati, quisquam"},{"id":1716111227384,"start_date":"2024-02-19 00:00:00","text":"Suunnitelmien hyvksyminen","duration":10,"end_date":"2024-02-29 00:00:00","progress":0,"unChangeable":true,"parent":0,"type":"task","vastuu":"Vuokralainen","isChecked":false,"tooltip":""},{"id":1716111243793,"start_date":"2024-01-22 00:00:00","text":"Urakkalaskenta-aika","duration":15,"end_date":"2024-02-06 00:00:00","progress":0,"unChangeable":true,"parent":0,"type":"task","vastuu":"Vuokranantaja"},{"id":1716111257997,"start_date":"2024-02-12 00:00:00","text":"Vuokralaisen kustannusvastuulla olevien kulujen hyvksyttminen","duration":0,"end_date":"2024-02-12 00:00:00","progress":0,"unChangeable":true,"parent":0,"type":"milestone","vastuu":"Vuokralainen"},{"id":1716111594753,"start_date":"2024-02-26 00:00:00","text":"Rakentamisen valmisteluvaihe ja urakkasopimus","duration":62,"end_date":"2024-04-28 00:00:00","progress":0,"unChangeable":true,"parent":0,"type":"task","vastuu":"Vuokranantaja"},{"id":1716111618878,"start_date":"2024-04-08 00:00:00","text":"Rakentamisen aloituksen pts","duration":7,"end_date":"2024-04-15 00:00:00","progress":0,"unChangeable":true,"parent":0,"type":"task","vastuu":"Vuokranantaja"},{"id":1716111878512,"start_date":"2024-05-06 00:00:00","text":"Rakentamisen aloituksen pts","duration":21,"end_date":"2024-05-27 00:00:00","progress":0,"unChangeable":true,"parent":0,"type":"task","vastuu":"Vuokranantaja"},{"id":1716111979799,"start_date":"2024-06-03 00:00:00","text":"Urakka-aika","duration":0,"end_date":"2024-06-03 00:00:00","progress":0,"unChangeable":true,"parent":0,"type":"milestone","vastuu":"Vuokranantaja"},{"id":1716112016897,"start_date":"2024-06-03 00:00:00","text":"Hallinnanluovutus","duration":22,"end_date":"2024-06-25 00:00:00","progress":0,"unChangeable":true,"parent":0,"type":"task","vastuu":"Vuokranantaja\/Vuokralainen","isChecked":true}],"collections":{"links":[]}}