{"data":[{"id":1,"start_date":"2024-03-19 00:00:00","duration":0,"text":"Tilaajan yhteydenotto #0","progress":0.8000000000000000444089209850062616169452667236328125,"sortorder":20,"parent":0,"color":"#283a44","open":true,"end_date":"2024-03-19 00:00:00","btype":"rotate","type":"milestone"},{"id":2,"start_date":"2024-03-23 00:00:00","duration":34,"text":"Tilaajan yhteydenotto #1","progress":0.3478260869565217294763215249986387789249420166015625,"sortorder":10,"parent":0,"open":true,"end_date":"2024-04-26 00:00:00"},{"id":3,"start_date":"2024-03-21 00:00:00","duration":18,"text":"Tilaajan yhteydenotto #2","progress":0.6999999999999999555910790149937383830547332763671875,"sortorder":20,"parent":0,"open":true,"end_date":"2024-04-08 00:00:00","type":"task","bgType":"dark"},{"id":4,"start_date":"2024-04-22 00:00:00","duration":2,"text":"Tilaajan yhteydenotto #3","progress":0,"sortorder":30,"parent":0,"open":true,"end_date":"2024-04-24 00:00:00"},{"id":5,"start_date":"2024-04-05 00:00:00","duration":5,"text":"Tilaajan yhteydenotto #1.1","progress":0.340000000000000024424906541753443889319896697998046875,"sortorder":10,"parent":0,"open":true},{"id":6,"start_date":"2024-04-11 13:22:17","duration":4,"text":"Tilaajan yhteydenotto #1.2","progress":0.491476999999999997204014334784005768597126007080078125,"sortorder":20,"parent":0,"open":true},{"id":7,"start_date":"2024-04-07 00:00:00","duration":5,"text":"Tilaajan yhteydenotto #2.1","progress":0.200000000000000011102230246251565404236316680908203125,"sortorder":10,"parent":0,"open":true},{"id":8,"start_date":"2024-04-06 00:00:00","duration":4,"text":"Tilaajan yhteydenotto #2.2","progress":0.90000000000000002220446049250313080847263336181640625,"sortorder":20,"parent":0,"open":true},{"id":9,"start_date":"2024-04-06 00:00:00","duration":5,"text":"Tilaajan yhteydenotto #3.1","progress":1,"sortorder":10,"parent":0,"open":true},{"id":10,"start_date":"2024-04-06 00:00:00","duration":3,"text":"Tilaajan yhteydenotto #3.2","progress":0,"sortorder":20,"parent":0,"open":true},{"id":11,"start_date":"2024-04-06 00:00:00","duration":4,"text":"Tilaajan yhteydenotto #3.3","progress":0.330000000000000015543122344752191565930843353271484375,"sortorder":30,"parent":0,"open":true},{"id":12,"start_date":"2024-03-23 00:00:00","duration":0,"text":"Project #2","progress":0,"sortorder":10,"parent":0,"open":true,"end_date":"2024-03-23 00:00:00","type":"milestone"},{"id":13,"start_date":"2024-04-02 08:13:42","duration":10,"text":"Tilaajan yhteydenotto #1","progress":0.200000000000000011102230246251565404236316680908203125,"sortorder":15,"parent":0,"open":true},{"id":14,"start_date":"2024-04-04 00:00:00","duration":4,"text":"Tilaajan yhteydenotto #2","progress":0.90000000000000002220446049250313080847263336181640625,"sortorder":20,"parent":0,"open":true},{"id":15,"start_date":"2024-04-05 00:00:00","duration":3,"text":"Tilaajan yhteydenotto #3","progress":0.59999999999999997779553950749686919152736663818359375,"sortorder":30,"parent":0,"open":true},{"id":16,"start_date":"2024-04-01 00:00:00","duration":3,"text":"Tilaajan yhteydenotto #4","progress":0.2142860000000000042508219166847993619740009307861328125,"sortorder":40,"parent":0,"open":true},{"id":17,"start_date":"2024-04-06 00:00:00","duration":6,"text":"Tilaajan yhteydenotto #5","progress":0.5,"sortorder":50,"parent":0,"open":true},{"id":18,"start_date":"2024-04-05 00:00:00","duration":5,"text":"Tilaajan yhteydenotto #2.1","progress":0.299999999999999988897769753748434595763683319091796875,"sortorder":39.99999999417899942955045844428241252899169921875,"parent":0,"open":true},{"id":19,"start_date":"2024-03-25 00:00:00","duration":6,"text":"Tilaajan yhteydenotto #2.2","progress":0.59999999999999997779553950749686919152736663818359375,"sortorder":29.999999995342999881131618167273700237274169921875,"parent":0,"open":true,"end_date":"2024-03-31 00:00:00"},{"id":20,"start_date":"2024-04-05 00:00:00","duration":4,"text":"Tilaajan yhteydenotto #2.3","progress":0.5126049999999999773336867292528040707111358642578125,"sortorder":39.9999999953430034338452969677746295928955078125,"parent":0,"open":true},{"id":21,"start_date":"2024-04-05 00:00:00","duration":6,"text":"Tilaajan yhteydenotto #2.4","progress":0.6999999999999999555910790149937383830547332763671875,"sortorder":39.99999999301500253068297752179205417633056640625,"parent":0,"open":true},{"id":22,"start_date":"2024-04-05 00:00:00","duration":7,"text":"Tilaajan yhteydenotto #4.1","progress":1,"sortorder":10,"parent":0,"open":true},{"id":23,"start_date":"2024-03-19 00:00:00","duration":1,"text":"Tilaajan yhteydenotto #4.2","progress":1,"sortorder":20,"parent":0,"open":true,"end_date":"2024-03-20 00:00:00","type":"project"},{"id":24,"start_date":"2024-04-05 00:00:00","duration":5,"text":"Tilaajan yhteydenotto #4.3","progress":0,"sortorder":30,"parent":0,"open":true}],"collections":{"links":[]}}